test,observed,chi2,p_value,n_events
6-bin uniform,"[5, 4, 0, 8, 13, 5]",16.25714285714286,0.006147008368679554,35
6-bin mito Ts/Tv weighted,"[5, 4, 0, 8, 13, 5]",12.60142857142857,0.027414305178913745,35
6-bin de-duplicated,"[5, 4, 0, 7, 3, 1]",9.999999999999998,0.07523524614651221,20
3-bin nucleotide position,"[9, 8, 18]",5.200000000000001,0.07427357821433385,35
